{
  "ambient.cave.cave1": {
    "sounds": [
      {
        "name": "ambient/cave/player_panic2",
        "stream": true
      }
    ]
  },
  "ambient.cave.cave2": {
    "sounds": [
      {
        "name": "ambient/cave/player_panic",
        "stream": true
      }
    ]
  },
  "ambient.cave.cave3": {
    "sounds": [
      {
        "name": "ambient/cave/ambience_1",
        "stream": true
      }
    ]
  },
  "ambient.cave.cave4": {
    "sounds": [
      {
        "name": "ambient/cave/ambience_2",
        "stream": true
      }
    ]
  },
  "ambient.cave.cave5": {
    "sounds": [
      {
        "name": "ambient/cave/ambience3",
        "stream": true
      }
    ]
  },
  "ambient.cave.cave6": {
    "sounds": [
      {
        "name": "ambient/cave/ambience4",
        "stream": true
      }
    ]
  },
  "ambient.cave.cave7": {
    "sounds": [
      {
        "name": "ambient/cave/Footsteps",
        "stream": true
      }
    ]
  },
  "ambient.cave.rare1": {
    "sounds": [
      {
        "name": "ambient/cave/quack",
        "stream": true
      }
    ]
  },
  "ambient.cave.rare2": {
    "sounds": [
      {
        "name": "ambient/cave/viktor",
        "stream": true
      }
    ]
  }
}
